siteID,xcoord,ycoord,mdcaty,wgt,stratum,panel,EvalStatus,EvalReason,Mean Percent Cover,Mean Canopy Gap Size m,Mean Basal Gap Size m,Mean Canopy Gap Percent,Mean Basal Gap Percent
MOJN0JOTR0YUBR-001,578593,3754471,JCPF,4968588.156,None,Main,Target - Surveyed,,53.3,1.5,3.3,57.2,94.3
MOJN0JOTR0YUBR-002,583942,3754774,PR,5194778.505,None,Main,Target - Surveyed,,21.3,2.8,7.1,81,98
MOJN0JOTR0YUBR-003,578944,3763145,CR,1308072.229,None,Main,Target - Surveyed,,32.7,2.1,5.7,73.9,97.1
MOJN0JOTR0YUBR-004,575251,3768618,PR,5194778.505,None,Main,Target - Surveyed,,38.7,2.7,4.1,80.4,97.2
MOJN0JOTR0YUBR-005,588367,3746343,JCPF,4968588.156,None,Main,Target - Surveyed,,34,2.2,5.1,72.6,96.3
MOJN0JOTR0YUBR-006,588707,3763110,LT,5621027.910,None,Main,Target - Surveyed,,24.7,2.8,8.4,78.6,99.1
MOJN0JOTR0YUBR-007,576219,3763463,PR,5194778.505,None,Main,Target - Surveyed,,29.3,3.6,11.4,76.7,98.1
MOJN0JOTR0YUBR-008,574447,3772346,LT,5621027.910,None,Main,Target - Surveyed,,50,1.8,4,70.9,94.9
MOJN0JOTR0YUBR-009,587693,3751932,LT,5621027.910,None,Main,Target - Surveyed,,36,2,3.8,76,97.5
MOJN0JOTR0YUBR-010,591502,3762053,CR,1308072.229,None,Main,Target - Surveyed,,36,2,4.1,75.3,97.9
MOJN0JOTR0YUBR-011,576729,3758336,PR,5194778.505,None,Main,Target - Surveyed,,41.3,2.4,3.3,80.7,96
MOJN0JOTR0YUBR-012,563927,3763237,JCPF,4968588.156,None,Main,Target - Surveyed,,54.7,3.7,4.8,83.5,97.4
MOJN0JOTR0YUBR-013,556441,3769562,CR,1308072.229,None,Main,Non-Target,Obligate riparian species present,,,,,
MOJN0JOTR0YUBR-014,582610,3760158,LT,5621027.910,None,Main,Target - Surveyed,,31.3,2,6.1,76.9,89.5
MOJN0JOTR0YUBR-015,573036,3759330,LT,5621027.910,None,Main,Target - Surveyed,,31.3,2.5,12,73.9,99.3
MOJN0JOTR0YUBR-016,567409,3768166,CR,1308072.229,None,Main,Target - Surveyed,,36.7,1.7,2.5,75.7,94.8
MOJN0JOTR0YUBR-017,587263,3746848,JCPF,4968588.156,None,Main,Target - Surveyed,,33.3,2.3,3.2,73.5,97.1
MOJN0JOTR0YUBR-018,584740,3755493,LT,5621027.910,None,Main,Target - Surveyed,,20,2.9,6.8,81,98.1
MOJN0JOTR0YUBR-019,577645,3764868,PR,5194778.505,None,Main,Target - Surveyed,,15.3,4.1,12.2,88.1,98.8
MOJN0JOTR0YUBR-020,572054,3767879,PR,5194778.505,None,Main,Target - Surveyed,,23.3,3.6,4.5,82.1,97.5
MOJN0JOTR0YUBR-021,584528,3753115,LT,5621027.910,None,Main,Target - Surveyed,,31.3,7.3,38.9,84.5,99.9
MOJN0JOTR0YUBR-022,589569,3764521,CR,1308072.229,None,Main,Target - Surveyed,,28,2.4,7.6,70.9,97.7
MOJN0JOTR0YUBR-023,575352,3760216,JCPF,4968588.156,None,Main,Non-Target,Vegetation mismatch; No associations present within transect area.,,,,,
MOJN0JOTR0YUBR-024,578788,3765782,PR,5194778.505,None,Main,Target - Not Sampled,Cultural resources,,,,,
MOJN0JOTR0YUBR-025,588656,3751664,LT,5621027.910,None,Main,Target - Surveyed,,32.7,2.3,5.7,82,96.4
MOJN0JOTR0YUBR-026,582096,3765019,PR,5194778.505,None,Main,Target - Surveyed,,22,4.2,9.8,92.6,99.2
MOJN0JOTR0YUBR-027,577184,3755786,JCPF,4968588.156,None,Main,Target - Surveyed,,60,2,3.8,57.3,94.9
MOJN0JOTR0YUBR-028,570105,3761923,JCPF,4968588.156,None,Main,Non-Target,Vegetation mismatch; None of the target associated species are present; likely burned and not tollerant to fire.,,,,,
MOJN0JOTR0YUBR-029,590330,3765523,LT,5621027.910,None,Main,Target - Not Sampled,Multi-terrain Types; Presence of roads,,,,,
MOJN0JOTR0YUBR-030,582551,3762148,PR,5194778.505,None,Main,Target - Surveyed,,34,5.8,10.9,91.2,99
MOJN0JOTR0YUBR-031,573307,3769256,PR,5194778.505,None,Main,Target - Surveyed,,26.7,6,9.4,96.6,99.6
MOJN0JOTR0YUBR-032,561771,3767288,CR,1308072.229,None,Main,Non-Target,Vegetation mismatch; Target community <80% of macroplot,,,,,
MOJN0JOTR0YUBR-033,588271,3748371,LT,5621027.910,None,Main,Target - Surveyed,,48,1.6,4.8,63.5,98.5
MOJN0JOTR0YUBR-034,585726,3758331,LT,5621027.910,None,Main,Target - Surveyed,,40,2.1,3.6,75.5,94.2
MOJN0JOTR0YUBR-035,578300,3764743,PR,5194778.505,None,Main,Target - Surveyed,,26.7,3.7,6.6,88.1,98.3
MOJN0JOTR0YUBR-036,576571,3767890,PR,5194778.505,None,OverSamp,Target - Not Sampled,Inaccesible; Part of plot blocked by fences,,,,,
MOJN0JOTR0YUBR-037,585879,3751516,CR,1308072.229,None,OverSamp,Target - Surveyed,,32.7,1.3,3.9,69.6,97.5
MOJN0JOTR0YUBR-038,590624,3764770,CR,1308072.229,None,OverSamp,Target - Surveyed,,40.7,3.5,7.6,87.2,95.8
MOJN0JOTR0YUBR-039,573989,3761055,JCPF,4968588.156,None,OverSamp,Target - Surveyed,,32.7,3.5,5.7,88.3,97.5
MOJN0JOTR0YUBR-040,561942,3765029,JCPF,4968588.156,None,OverSamp,Target - Not Sampled,Too close to trail,,,,,
MOJN0JOTR0YUBR-041,588074,3750368,LT,5621027.910,None,OverSamp,Target - Surveyed,,25.3,2.6,5.7,80.8,98.5
MOJN0JOTR0YUBR-042,583265,3763626,PR,5194778.505,None,OverSamp,Target - Surveyed,,41.3,3.1,3.8,88.6,92.5
MOJN0JOTR0YUBR-043,581895,3757710,LT,5621027.910,None,OverSamp,NotEval,,,,,,
MOJN0JOTR0YUBR-044,571196,3768814,PR,5194778.505,None,OverSamp,NotEval,,,,,,
MOJN0JOTR0YUBR-045,582387,3765538,PR,5194778.505,None,OverSamp,NotEval,,,,,,
MOJN0JOTR0YUBR-046,576918,3760841,PR,5194778.505,None,OverSamp,NotEval,,,,,,
MOJN0JOTR0YUBR-047,571707,3768337,PR,5194778.505,None,OverSamp,NotEval,,,,,,
MOJN0JOTR0YUBR-048,561552,3769211,CR,1308072.229,None,OverSamp,NotEval,,,,,,
MOJN0JOTR0YUBR-049,587714,3746480,JCPF,4968588.156,None,OverSamp,NotEval,,,,,,
MOJN0JOTR0YUBR-050,586110,3759337,LT,5621027.910,None,OverSamp,NotEval,,,,,,
MOJN0JOTR0YUBR-051,580829,3762790,LT,5621027.910,None,OverSamp,NotEval,,,,,,
MOJN0JOTR0YUBR-052,575001,3767251,CR,1308072.229,None,OverSamp,NotEval,,,,,,
MOJN0JOTR0YUBR-053,585418,3752128,LT,5621027.910,None,OverSamp,NotEval,,,,,,
MOJN0JOTR0YUBR-054,590309,3762853,CR,1308072.229,None,OverSamp,NotEval,,,,,,
MOJN0JOTR0YUBR-055,573157,3759990,JCPF,4968588.156,None,OverSamp,NotEval,,,,,,
MOJN0JOTR0YUBR-056,564290,3762568,JCPF,4968588.156,None,OverSamp,NotEval,,,,,,
MOJN0JOTR0YUBR-057,557882,3768716,JCPF,4968588.156,None,OverSamp,NotEval,,,,,,
MOJN0JOTR0YUBR-058,583582,3764941,PR,5194778.505,None,OverSamp,NotEval,,,,,,
MOJN0JOTR0YUBR-059,576429,3758831,PR,5194778.505,None,OverSamp,NotEval,,,,,,
MOJN0JOTR0YUBR-060,569899,3767051,PR,5194778.505,None,OverSamp,NotEval,,,,,,
MOJN0JOTR0YUBR-061,584386,3757889,LT,5621027.910,None,OverSamp,NotEval,,,,,,
MOJN0JOTR0YUBR-062,578954,3761568,JCPF,4968588.156,None,OverSamp,NotEval,,,,,,
MOJN0JOTR0YUBR-063,575159,3770568,JCPF,4968588.156,None,OverSamp,NotEval,,,,,,
MOJN0JOTR0YUBR-064,568303,3773417,LT,5621027.910,None,OverSamp,NotEval,,,,,,
MOJN0JOTR0YUBR-065,577953,3753950,JCPF,4968588.156,None,OverSamp,NotEval,,,,,,
MOJN0JOTR0YUBR-066,582220,3755198,PR,5194778.505,None,OverSamp,NotEval,,,,,,
MOJN0JOTR0YUBR-067,578665,3763832,CR,1308072.229,None,OverSamp,NotEval,,,,,,
MOJN0JOTR0YUBR-068,573074,3767140,LT,5621027.910,None,OverSamp,NotEval,,,,,,
MOJN0JOTR0YUBR-069,584333,3751749,LT,5621027.910,None,OverSamp,NotEval,,,,,,
MOJN0JOTR0YUBR-070,589134,3763934,LT,5621027.910,None,OverSamp,NotEval,,,,,,
MOJN0JOTR0YUBR-071,576469,3762713,PR,5194778.505,None,OverSamp,NotEval,,,,,,
MOJN0JOTR0YUBR-072,578183,3768333,LT,5621027.910,None,OverSamp,NotEval,,,,,,
MOJN0JOTR0YUBR-073,587758,3752752,LT,5621027.910,None,OverSamp,NotEval,,,,,,
MOJN0JOTR0YUBR-074,585377,3761455,LT,5621027.910,None,OverSamp,NotEval,,,,,,
MOJN0JOTR0YUBR-075,577521,3756003,JCPF,4968588.156,None,OverSamp,NotEval,,,,,,
MOJN0JOTR0YUBR-076,567384,3762305,JCPF,4968588.156,None,OverSamp,NotEval,,,,,,
MOJN0JOTR0YUBR-077,555240,3770256,JCPF,4968588.156,None,OverSamp,NotEval,,,,,,
MOJN0JOTR0YUBR-078,583181,3760132,LT,5621027.910,None,OverSamp,NotEval,,,,,,
MOJN0JOTR0YUBR-079,576592,3756666,JCPF,4968588.156,None,OverSamp,NotEval,,,,,,
MOJN0JOTR0YUBR-080,567530,3769241,CR,1308072.229,None,OverSamp,NotEval,,,,,,
MOJN0JOTR0YUBR-081,586528,3747682,JCPF,4968588.156,None,OverSamp,NotEval,,,,,,
MOJN0JOTR0YUBR-082,585310,3755001,LT,5621027.910,None,OverSamp,NotEval,,,,,,
MOJN0JOTR0YUBR-083,577722,3762945,PR,5194778.505,None,OverSamp,NotEval,,,,,,
MOJN0JOTR0YUBR-084,574047,3765833,PR,5194778.505,None,OverSamp,NotEval,,,,,,
MOJN0JOTR0YUBR-085,584185,3754009,PR,5194778.505,None,OverSamp,NotEval,,,,,,
MOJN0JOTR0YUBR-086,588843,3764802,CR,1308072.229,None,OverSamp,NotEval,,,,,,
MOJN0JOTR0YUBR-087,575427,3761578,PR,5194778.505,None,OverSamp,NotEval,,,,,,
MOJN0JOTR0YUBR-088,577112,3765992,CR,1308072.229,None,OverSamp,NotEval,,,,,,
MOJN0JOTR0YUBR-089,587802,3751699,LT,5621027.910,None,OverSamp,NotEval,,,,,,
MOJN0JOTR0YUBR-090,582181,3764546,PR,5194778.505,None,OverSamp,NotEval,,,,,,
MOJN0JOTR0YUBR-091,577103,3754987,JCPF,4968588.156,None,OverSamp,NotEval,,,,,,
MOJN0JOTR0YUBR-092,571223,3761798,JCPF,4968588.156,None,OverSamp,NotEval,,,,,,
MOJN0JOTR0YUBR-093,583126,3766798,LT,5621027.910,None,OverSamp,NotEval,,,,,,
MOJN0JOTR0YUBR-094,584579,3762203,PR,5194778.505,None,OverSamp,NotEval,,,,,,
MOJN0JOTR0YUBR-095,573311,3768275,PR,5194778.505,None,OverSamp,NotEval,,,,,,
MOJN0JOTR0YUBR-096,563013,3766827,JCPF,4968588.156,None,OverSamp,NotEval,,,,,,
MOJN0JOTR0YUBR-097,587968,3747933,JCPF,4968588.156,None,OverSamp,NotEval,,,,,,
MOJN0JOTR0YUBR-098,585249,3758557,LT,5621027.910,None,OverSamp,NotEval,,,,,,
MOJN0JOTR0YUBR-099,578694,3764080,CR,1308072.229,None,OverSamp,NotEval,,,,,,
MOJN0JOTR0YUBR-100,575617,3766691,CR,1308072.229,None,OverSamp,NotEval,,,,,,
MOJN0JOTR0YUBR-101,587337,3751307,LT,5621027.910,None,OverSamp,NotEval,,,,,,
MOJN0JOTR0YUBR-102,590926,3764134,CR,1308072.229,None,OverSamp,NotEval,,,,,,
MOJN0JOTR0YUBR-103,573651,3762670,JCPF,4968588.156,None,OverSamp,NotEval,,,,,,
MOJN0JOTR0YUBR-104,562704,3765289,JCPF,4968588.156,None,OverSamp,NotEval,,,,,,
MOJN0JOTR0YUBR-105,587590,3749645,LT,5621027.910,None,OverSamp,NotEval,,,,,,
MOJN0JOTR0YUBR-106,584365,3763305,LT,5621027.910,None,OverSamp,NotEval,,,,,,
MOJN0JOTR0YUBR-107,575516,3758218,JCPF,4968588.156,None,OverSamp,NotEval,,,,,,
MOJN0JOTR0YUBR-108,569779,3768356,PR,5194778.505,None,OverSamp,NotEval,,,,,,
MOJN0JOTR0YUBR-109,582682,3759668,LT,5621027.910,None,OverSamp,NotEval,,,,,,
MOJN0JOTR0YUBR-110,577532,3760834,JCPF,4968588.156,None,OverSamp,NotEval,,,,,,
MOJN0JOTR0YUBR-111,571978,3768242,PR,5194778.505,None,OverSamp,NotEval,,,,,,
MOJN0JOTR0YUBR-112,560497,3768165,JCPF,4968588.156,None,OverSamp,NotEval,,,,,,
MOJN0JOTR0YUBR-113,589616,3748315,LT,5621027.910,None,OverSamp,NotEval,,,,,,
MOJN0JOTR0YUBR-114,587879,3758868,LT,5621027.910,None,OverSamp,NotEval,,,,,,
MOJN0JOTR0YUBR-115,575388,3765273,PR,5194778.505,None,OverSamp,NotEval,,,,,,
MOJN0JOTR0YUBR-116,575596,3766620,LT,5621027.910,None,OverSamp,NotEval,,,,,,
MOJN0JOTR0YUBR-117,588919,3752466,LT,5621027.910,None,OverSamp,NotEval,,,,,,
MOJN0JOTR0YUBR-118,590975,3763907,CR,1308072.229,None,OverSamp,NotEval,,,,,,
MOJN0JOTR0YUBR-119,573828,3761932,CR,1308072.229,None,OverSamp,NotEval,,,,,,
MOJN0JOTR0YUBR-120,564863,3762984,JCPF,4968588.156,None,OverSamp,NotEval,,,,,,
MOJN0JOTR0YUBR-121,559571,3770480,JCPF,4968588.156,None,OverSamp,NotEval,,,,,,
MOJN0JOTR0YUBR-122,584314,3764214,CR,1308072.229,None,OverSamp,NotEval,,,,,,
MOJN0JOTR0YUBR-123,573977,3759360,JCPF,4968588.156,None,OverSamp,NotEval,,,,,,
MOJN0JOTR0YUBR-124,570273,3766843,CR,1308072.229,None,OverSamp,NotEval,,,,,,
MOJN0JOTR0YUBR-125,582792,3757331,LT,5621027.910,None,OverSamp,NotEval,,,,,,
MOJN0JOTR0YUBR-126,577044,3761458,PR,5194778.505,None,OverSamp,NotEval,,,,,,
MOJN0JOTR0YUBR-127,575361,3768217,PR,5194778.505,None,OverSamp,NotEval,,,,,,
MOJN0JOTR0YUBR-128,570645,3770715,JCPF,4968588.156,None,OverSamp,NotEval,,,,,,
MOJN0JOTR0YUBR-129,577895,3753756,JCPF,4968588.156,None,OverSamp,NotEval,,,,,,
MOJN0JOTR0YUBR-130,582588,3754916,PR,5194778.505,None,OverSamp,NotEval,,,,,,
MOJN0JOTR0YUBR-131,578652,3762885,PR,5194778.505,None,OverSamp,NotEval,,,,,,
MOJN0JOTR0YUBR-132,572811,3767948,PR,5194778.505,None,OverSamp,NotEval,,,,,,
MOJN0JOTR0YUBR-133,582980,3754435,LT,5621027.910,None,OverSamp,NotEval,,,,,,
MOJN0JOTR0YUBR-134,588901,3763043,LT,5621027.910,None,OverSamp,NotEval,,,,,,
MOJN0JOTR0YUBR-135,574934,3762280,PR,5194778.505,None,OverSamp,NotEval,,,,,,
MOJN0JOTR0YUBR-136,580676,3766012,PR,5194778.505,None,OverSamp,NotEval,,,,,,
MOJN0JOTR0YUBR-137,590909,3753318,LT,5621027.910,None,OverSamp,NotEval,,,,,,
MOJN0JOTR0YUBR-138,586075,3761595,JCPF,4968588.156,None,OverSamp,NotEval,,,,,,
MOJN0JOTR0YUBR-139,576988,3756570,JCPF,4968588.156,None,OverSamp,NotEval,,,,,,
MOJN0JOTR0YUBR-140,567043,3762711,JCPF,4968588.156,None,OverSamp,NotEval,,,,,,
MOJN0JOTR0YUBR-141,555991,3770388,JCPF,4968588.156,None,OverSamp,NotEval,,,,,,
MOJN0JOTR0YUBR-142,584651,3760239,LT,5621027.910,None,OverSamp,NotEval,,,,,,
MOJN0JOTR0YUBR-143,575610,3756615,JCPF,4968588.156,None,OverSamp,NotEval,,,,,,
MOJN0JOTR0YUBR-144,566870,3769287,CR,1308072.229,None,OverSamp,NotEval,,,,,,
MOJN0JOTR0YUBR-145,589332,3747714,LT,5621027.910,None,OverSamp,NotEval,,,,,,
MOJN0JOTR0YUBR-146,586003,3757032,LT,5621027.910,None,OverSamp,NotEval,,,,,,
MOJN0JOTR0YUBR-147,577770,3763398,PR,5194778.505,None,OverSamp,NotEval,,,,,,
MOJN0JOTR0YUBR-148,575199,3765702,PR,5194778.505,None,OverSamp,NotEval,,,,,,
MOJN0JOTR0YUBR-149,583810,3753949,PR,5194778.505,None,OverSamp,NotEval,,,,,,
MOJN0JOTR0YUBR-150,589536,3764669,CR,1308072.229,None,OverSamp,NotEval,,,,,,
MOJN0JOTR0YUBR-151,576346,3761671,PR,5194778.505,None,OverSamp,NotEval,,,,,,
MOJN0JOTR0YUBR-152,576684,3766513,CR,1308072.229,None,OverSamp,NotEval,,,,,,
MOJN0JOTR0YUBR-153,587520,3750758,LT,5621027.910,None,OverSamp,NotEval,,,,,,
MOJN0JOTR0YUBR-154,583002,3765034,PR,5194778.505,None,OverSamp,NotEval,,,,,,
MOJN0JOTR0YUBR-155,581930,3754693,LT,5621027.910,None,OverSamp,NotEval,,,,,,
MOJN0JOTR0YUBR-156,567539,3767955,PR,5194778.505,None,OverSamp,NotEval,,,,,,
MOJN0JOTR0YUBR-157,583718,3766029,PR,5194778.505,None,OverSamp,NotEval,,,,,,
MOJN0JOTR0YUBR-158,583832,3761575,LT,5621027.910,None,OverSamp,NotEval,,,,,,
MOJN0JOTR0YUBR-159,572994,3769018,PR,5194778.505,None,OverSamp,NotEval,,,,,,
MOJN0JOTR0YUBR-160,561884,3767591,CR,1308072.229,None,OverSamp,NotEval,,,,,,
MOJN0JOTR0YUBR-161,588106,3747649,JCPF,4968588.156,None,OverSamp,NotEval,,,,,,
MOJN0JOTR0YUBR-162,585399,3758594,LT,5621027.910,None,OverSamp,NotEval,,,,,,
MOJN0JOTR0YUBR-163,581403,3764671,PR,5194778.505,None,OverSamp,NotEval,,,,,,
MOJN0JOTR0YUBR-164,574380,3767918,PR,5194778.505,None,OverSamp,NotEval,,,,,,
MOJN0JOTR0YUBR-165,584919,3754459,PR,5194778.505,None,OverSamp,NotEval,,,,,,
MOJN0JOTR0YUBR-166,590563,3764591,CR,1308072.229,None,OverSamp,NotEval,,,,,,
MOJN0JOTR0YUBR-167,571260,3760762,JCPF,4968588.156,None,OverSamp,NotEval,,,,,,
MOJN0JOTR0YUBR-168,563086,3763115,JCPF,4968588.156,None,OverSamp,NotEval,,,,,,
MOJN0JOTR0YUBR-169,554092,3770655,JCPF,4968588.156,None,OverSamp,NotEval,,,,,,
MOJN0JOTR0YUBR-170,584613,3762684,PR,5194778.505,None,OverSamp,NotEval,,,,,,
MOJN0JOTR0YUBR-171,575999,3758233,JCPF,4968588.156,None,OverSamp,NotEval,,,,,,
MOJN0JOTR0YUBR-172,571040,3769522,LT,5621027.910,None,OverSamp,NotEval,,,,,,
MOJN0JOTR0YUBR-173,584736,3758969,LT,5621027.910,None,OverSamp,NotEval,,,,,,
MOJN0JOTR0YUBR-174,578368,3761337,CR,1308072.229,None,OverSamp,NotEval,,,,,,
MOJN0JOTR0YUBR-175,575856,3770056,CR,1308072.229,None,OverSamp,NotEval,,,,,,
MOJN0JOTR0YUBR-176,562045,3768469,JCPF,4968588.156,None,OverSamp,NotEval,,,,,,
MOJN0JOTR0YUBR-177,589927,3746222,JCPF,4968588.156,None,OverSamp,NotEval,,,,,,
MOJN0JOTR0YUBR-178,587961,3759258,LT,5621027.910,None,OverSamp,NotEval,,,,,,
MOJN0JOTR0YUBR-179,576632,3764804,CR,1308072.229,None,OverSamp,NotEval,,,,,,
MOJN0JOTR0YUBR-180,576279,3766405,PR,5194778.505,None,OverSamp,NotEval,,,,,,
MOJN0JOTR0YUBR-181,589037,3752606,LT,5621027.910,None,OverSamp,NotEval,,,,,,
MOJN0JOTR0YUBR-182,590631,3763846,LT,5621027.910,None,OverSamp,NotEval,,,,,,
MOJN0JOTR0YUBR-183,577868,3759562,PR,5194778.505,None,OverSamp,NotEval,,,,,,
MOJN0JOTR0YUBR-184,563324,3764473,JCPF,4968588.156,None,OverSamp,NotEval,,,,,,
MOJN0JOTR0YUBR-185,558842,3769608,JCPF,4968588.156,None,OverSamp,NotEval,,,,,,
MOJN0JOTR0YUBR-186,583777,3764391,PR,5194778.505,None,OverSamp,NotEval,,,,,,
MOJN0JOTR0YUBR-187,574716,3759126,JCPF,4968588.156,None,OverSamp,NotEval,,,,,,
MOJN0JOTR0YUBR-188,570292,3767187,CR,1308072.229,None,OverSamp,NotEval,,,,,,
MOJN0JOTR0YUBR-189,582176,3756974,PR,5194778.505,None,OverSamp,NotEval,,,,,,
MOJN0JOTR0YUBR-190,577884,3762156,PR,5194778.505,None,OverSamp,NotEval,,,,,,
MOJN0JOTR0YUBR-191,575418,3769033,PR,5194778.505,None,OverSamp,NotEval,,,,,,
MOJN0JOTR0YUBR-192,568403,3771580,LT,5621027.910,None,OverSamp,NotEval,,,,,,
MOJN0JOTR0YUBR-193,587325,3746158,JCPF,4968588.156,None,OverSamp,NotEval,,,,,,
MOJN0JOTR0YUBR-194,582931,3754785,LT,5621027.910,None,OverSamp,NotEval,,,,,,
MOJN0JOTR0YUBR-195,578922,3763886,CR,1308072.229,None,OverSamp,NotEval,,,,,,
MOJN0JOTR0YUBR-196,573421,3767815,PR,5194778.505,None,OverSamp,NotEval,,,,,,
MOJN0JOTR0YUBR-197,583209,3752457,LT,5621027.910,None,OverSamp,NotEval,,,,,,
MOJN0JOTR0YUBR-198,589867,3763899,LT,5621027.910,None,OverSamp,NotEval,,,,,,
MOJN0JOTR0YUBR-199,574155,3761872,CR,1308072.229,None,OverSamp,NotEval,,,,,,
MOJN0JOTR0YUBR-200,580935,3765321,PR,5194778.505,None,OverSamp,NotEval,,,,,,
MOJN0JOTR0YUBR-201,589781,3750322,LT,5621027.910,None,OverSamp,NotEval,,,,,,
MOJN0JOTR0YUBR-202,585285,3761151,LT,5621027.910,None,OverSamp,NotEval,,,,,,
MOJN0JOTR0YUBR-203,576756,3756344,JCPF,4968588.156,None,OverSamp,NotEval,,,,,,
MOJN0JOTR0YUBR-204,568620,3760558,JCPF,4968588.156,None,OverSamp,NotEval,,,,,,
MOJN0JOTR0YUBR-205,556009,3767134,JCPF,4968588.156,None,OverSamp,NotEval,,,,,,
MOJN0JOTR0YUBR-206,583827,3760626,LT,5621027.910,None,OverSamp,NotEval,,,,,,
MOJN0JOTR0YUBR-207,575320,3756258,JCPF,4968588.156,None,OverSamp,NotEval,,,,,,
MOJN0JOTR0YUBR-208,566896,3770177,JCPF,4968588.156,None,OverSamp,NotEval,,,,,,
MOJN0JOTR0YUBR-209,588406,3748661,LT,5621027.910,None,OverSamp,NotEval,,,,,,
MOJN0JOTR0YUBR-210,586207,3755628,LT,5621027.910,None,OverSamp,NotEval,,,,,,
MOJN0JOTR0YUBR-211,578577,3764032,CR,1308072.229,None,OverSamp,NotEval,,,,,,
MOJN0JOTR0YUBR-212,575695,3767349,CR,1308072.229,None,OverSamp,NotEval,,,,,,
MOJN0JOTR0YUBR-213,587399,3750387,LT,5621027.910,None,OverSamp,NotEval,,,,,,
MOJN0JOTR0YUBR-214,589250,3764557,CR,1308072.229,None,OverSamp,NotEval,,,,,,
MOJN0JOTR0YUBR-215,574496,3760129,JCPF,4968588.156,None,OverSamp,NotEval,,,,,,
MOJN0JOTR0YUBR-216,561179,3765029,JCPF,4968588.156,None,OverSamp,NotEval,,,,,,
MOJN0JOTR0YUBR-217,588905,3751701,LT,5621027.910,None,OverSamp,NotEval,,,,,,
MOJN0JOTR0YUBR-218,582264,3763472,PR,5194778.505,None,OverSamp,NotEval,,,,,,
MOJN0JOTR0YUBR-219,581758,3759634,LT,5621027.910,None,OverSamp,NotEval,,,,,,
MOJN0JOTR0YUBR-220,571180,3768078,LT,5621027.910,None,OverSamp,NotEval,,,,,,
MOJN0JOTR0YUBR-221,582759,3765487,PR,5194778.505,None,OverSamp,NotEval,,,,,,
MOJN0JOTR0YUBR-222,581924,3760228,LT,5621027.910,None,OverSamp,NotEval,,,,,,
MOJN0JOTR0YUBR-223,572037,3770035,CR,1308072.229,None,OverSamp,NotEval,,,,,,
MOJN0JOTR0YUBR-224,561870,3765527,JCPF,4968588.156,None,OverSamp,NotEval,,,,,,
MOJN0JOTR0YUBR-225,588223,3747283,JCPF,4968588.156,None,OverSamp,NotEval,,,,,,
MOJN0JOTR0YUBR-226,586286,3758997,LT,5621027.910,None,OverSamp,NotEval,,,,,,
MOJN0JOTR0YUBR-227,579520,3762675,JCPF,4968588.156,None,OverSamp,NotEval,,,,,,
MOJN0JOTR0YUBR-228,574861,3767409,PR,5194778.505,None,OverSamp,NotEval,,,,,,
MOJN0JOTR0YUBR-229,584924,3751901,LT,5621027.910,None,OverSamp,NotEval,,,,,,
MOJN0JOTR0YUBR-230,590223,3764176,CR,1308072.229,None,OverSamp,NotEval,,,,,,
MOJN0JOTR0YUBR-231,573755,3760947,JCPF,4968588.156,None,OverSamp,NotEval,,,,,,
MOJN0JOTR0YUBR-232,565052,3762125,JCPF,4968588.156,None,OverSamp,NotEval,,,,,,
MOJN0JOTR0YUBR-233,552597,3770303,JCPF,4968588.156,None,OverSamp,NotEval,,,,,,
MOJN0JOTR0YUBR-234,584433,3764764,CR,1308072.229,None,OverSamp,NotEval,,,,,,
MOJN0JOTR0YUBR-235,576517,3759467,PR,5194778.505,None,OverSamp,NotEval,,,,,,
MOJN0JOTR0YUBR-236,570199,3769719,JCPF,4968588.156,None,OverSamp,NotEval,,,,,,
MOJN0JOTR0YUBR-237,583743,3757661,LT,5621027.910,None,OverSamp,NotEval,,,,,,
MOJN0JOTR0YUBR-238,578477,3761972,PR,5194778.505,None,OverSamp,NotEval,,,,,,
MOJN0JOTR0YUBR-239,575489,3769663,PR,5194778.505,None,OverSamp,NotEval,,,,,,
MOJN0JOTR0YUBR-240,563265,3765361,JCPF,4968588.156,None,OverSamp,NotEval,,,,,,
MOJN0JOTR0YUBR-241,588613,3745497,JCPF,4968588.156,None,OverSamp,NotEval,,,,,,
MOJN0JOTR0YUBR-242,589126,3758089,LT,5621027.910,None,OverSamp,NotEval,,,,,,
MOJN0JOTR0YUBR-243,575061,3764410,PR,5194778.505,None,OverSamp,NotEval,,,,,,
MOJN0JOTR0YUBR-244,576085,3765534,CR,1308072.229,None,OverSamp,NotEval,,,,,,
MOJN0JOTR0YUBR-245,589528,3751894,LT,5621027.910,None,OverSamp,NotEval,,,,,,
MOJN0JOTR0YUBR-246,590250,3763847,CR,1308072.229,None,OverSamp,NotEval,,,,,,
MOJN0JOTR0YUBR-247,577981,3758786,JCPF,4968588.156,None,OverSamp,NotEval,,,,,,
MOJN0JOTR0YUBR-248,563364,3763923,JCPF,4968588.156,None,OverSamp,NotEval,,,,,,
MOJN0JOTR0YUBR-249,556477,3769291,CR,1308072.229,None,OverSamp,NotEval,,,,,,
MOJN0JOTR0YUBR-250,585555,3762719,LT,5621027.910,None,OverSamp,NotEval,,,,,,
MOJN0JOTR0YUBR-251,572170,3759676,LT,5621027.910,None,OverSamp,NotEval,,,,,,
MOJN0JOTR0YUBR-252,570322,3766433,JCPF,4968588.156,None,OverSamp,NotEval,,,,,,
MOJN0JOTR0YUBR-253,584599,3757190,LT,5621027.910,None,OverSamp,NotEval,,,,,,
MOJN0JOTR0YUBR-254,578110,3760409,JCPF,4968588.156,None,OverSamp,NotEval,,,,,,
MOJN0JOTR0YUBR-255,574207,3768729,PR,5194778.505,None,OverSamp,NotEval,,,,,,
MOJN0JOTR0YUBR-256,568123,3772834,LT,5621027.910,None,OverSamp,NotEval,,,,,,
MOJN0JOTR0YUBR-257,589053,3748371,JCPF,4968588.156,None,OverSamp,NotEval,,,,,,
MOJN0JOTR0YUBR-258,588546,3757947,LT,5621027.910,None,OverSamp,NotEval,,,,,,
MOJN0JOTR0YUBR-259,581251,3763611,LT,5621027.910,None,OverSamp,NotEval,,,,,,
MOJN0JOTR0YUBR-260,575218,3766810,CR,1308072.229,None,OverSamp,NotEval,,,,,,
MOJN0JOTR0YUBR-261,587339,3752218,LT,5621027.910,None,OverSamp,NotEval,,,,,,
MOJN0JOTR0YUBR-262,590798,3762804,CR,1308072.229,None,OverSamp,NotEval,,,,,,
MOJN0JOTR0YUBR-263,571633,3761943,JCPF,4968588.156,None,OverSamp,NotEval,,,,,,
MOJN0JOTR0YUBR-264,564269,3761464,JCPF,4968588.156,None,OverSamp,NotEval,,,,,,
MOJN0JOTR0YUBR-265,559110,3769542,JCPF,4968588.156,None,OverSamp,NotEval,,,,,,
MOJN0JOTR0YUBR-266,584471,3764627,CR,1308072.229,None,OverSamp,NotEval,,,,,,
MOJN0JOTR0YUBR-267,575030,3757815,JCPF,4968588.156,None,OverSamp,NotEval,,,,,,
MOJN0JOTR0YUBR-268,570667,3767221,LT,5621027.910,None,OverSamp,NotEval,,,,,,
MOJN0JOTR0YUBR-269,582787,3758052,PR,5194778.505,None,OverSamp,NotEval,,,,,,
MOJN0JOTR0YUBR-270,577902,3761370,PR,5194778.505,None,OverSamp,NotEval,,,,,,
MOJN0JOTR0YUBR-271,574141,3770545,PR,5194778.505,None,OverSamp,NotEval,,,,,,
MOJN0JOTR0YUBR-272,568663,3772501,LT,5621027.910,None,OverSamp,NotEval,,,,,,
MOJN0JOTR0YUBR-273,588509,3746810,JCPF,4968588.156,None,OverSamp,NotEval,,,,,,
MOJN0JOTR0YUBR-274,585515,3759408,LT,5621027.910,None,OverSamp,NotEval,,,,,,
MOJN0JOTR0YUBR-275,581763,3764554,PR,5194778.505,None,OverSamp,NotEval,,,,,,
MOJN0JOTR0YUBR-276,575393,3767297,CR,1308072.229,None,OverSamp,NotEval,,,,,,
MOJN0JOTR0YUBR-277,584806,3753615,PR,5194778.505,None,OverSamp,NotEval,,,,,,
MOJN0JOTR0YUBR-278,590206,3764329,CR,1308072.229,None,OverSamp,NotEval,,,,,,
MOJN0JOTR0YUBR-279,572536,3760123,JCPF,4968588.156,None,OverSamp,NotEval,,,,,,
MOJN0JOTR0YUBR-280,563113,3763380,JCPF,4968588.156,None,OverSamp,NotEval,,,,,,
MOJN0JOTR0YUBR-281,585954,3743258,LT,5621027.910,None,OverSamp,NotEval,,,,,,
MOJN0JOTR0YUBR-282,583639,3763945,PR,5194778.505,None,OverSamp,NotEval,,,,,,
MOJN0JOTR0YUBR-283,576381,3757551,JCPF,4968588.156,None,OverSamp,NotEval,,,,,,
MOJN0JOTR0YUBR-284,571132,3770225,LT,5621027.910,None,OverSamp,NotEval,,,,,,
MOJN0JOTR0YUBR-285,582726,3759438,LT,5621027.910,None,OverSamp,NotEval,,,,,,
MOJN0JOTR0YUBR-286,577294,3760174,PR,5194778.505,None,OverSamp,NotEval,,,,,,
MOJN0JOTR0YUBR-287,576481,3769815,CR,1308072.229,None,OverSamp,NotEval,,,,,,
MOJN0JOTR0YUBR-288,560915,3769748,JCPF,4968588.156,None,OverSamp,NotEval,,,,,,
MOJN0JOTR0YUBR-289,588982,3746905,JCPF,4968588.156,None,OverSamp,NotEval,,,,,,
MOJN0JOTR0YUBR-290,585306,3756070,LT,5621027.910,None,OverSamp,NotEval,,,,,,
MOJN0JOTR0YUBR-291,577024,3763949,PR,5194778.505,None,OverSamp,NotEval,,,,,,
MOJN0JOTR0YUBR-292,574282,3766151,PR,5194778.505,None,OverSamp,NotEval,,,,,,
MOJN0JOTR0YUBR-293,583588,3753761,LT,5621027.910,None,OverSamp,NotEval,,,,,,
MOJN0JOTR0YUBR-294,588970,3764030,LT,5621027.910,None,OverSamp,NotEval,,,,,,
MOJN0JOTR0YUBR-295,576220,3762469,LT,5621027.910,None,OverSamp,NotEval,,,,,,
MOJN0JOTR0YUBR-296,577105,3765740,CR,1308072.229,None,OverSamp,NotEval,,,,,,
MOJN0JOTR0YUBR-297,589443,3750751,LT,5621027.910,None,OverSamp,NotEval,,,,,,
MOJN0JOTR0YUBR-298,582632,3763035,PR,5194778.505,None,OverSamp,NotEval,,,,,,
MOJN0JOTR0YUBR-299,581878,3756885,LT,5621027.910,None,OverSamp,NotEval,,,,,,
MOJN0JOTR0YUBR-300,570288,3768911,PR,5194778.505,None,OverSamp,NotEval,,,,,,
MOJN0JOTR0YUBR-301,583208,3766466,LT,5621027.910,None,OverSamp,NotEval,,,,,,
MOJN0JOTR0YUBR-302,581758,3762137,LT,5621027.910,None,OverSamp,NotEval,,,,,,
MOJN0JOTR0YUBR-303,571374,3769855,CR,1308072.229,None,OverSamp,NotEval,,,,,,
MOJN0JOTR0YUBR-304,562654,3765325,JCPF,4968588.156,None,OverSamp,NotEval,,,,,,
MOJN0JOTR0YUBR-305,587156,3748899,JCPF,4968588.156,None,OverSamp,NotEval,,,,,,
MOJN0JOTR0YUBR-306,586667,3756923,LT,5621027.910,None,OverSamp,NotEval,,,,,,
MOJN0JOTR0YUBR-307,577755,3763981,PR,5194778.505,None,OverSamp,NotEval,,,,,,
MOJN0JOTR0YUBR-308,571535,3767449,PR,5194778.505,None,OverSamp,NotEval,,,,,,
MOJN0JOTR0YUBR-309,584084,3752281,LT,5621027.910,None,OverSamp,NotEval,,,,,,
MOJN0JOTR0YUBR-310,588741,3764499,LT,5621027.910,None,OverSamp,NotEval,,,,,,
MOJN0JOTR0YUBR-311,574433,3762061,PR,5194778.505,None,OverSamp,NotEval,,,,,,
MOJN0JOTR0YUBR-312,581121,3766563,LT,5621027.910,None,OverSamp,NotEval,,,,,,
MOJN0JOTR0YUBR-313,588798,3749360,LT,5621027.910,None,OverSamp,NotEval,,,,,,
MOJN0JOTR0YUBR-314,586440,3760157,LT,5621027.910,None,OverSamp,NotEval,,,,,,
MOJN0JOTR0YUBR-315,577391,3755514,JCPF,4968588.156,None,OverSamp,NotEval,,,,,,
MOJN0JOTR0YUBR-316,570458,3760700,JCPF,4968588.156,None,OverSamp,NotEval,,,,,,
MOJN0JOTR0YUBR-317,558895,3766785,JCPF,4968588.156,None,OverSamp,NotEval,,,,,,
MOJN0JOTR0YUBR-318,582881,3761332,LT,5621027.910,None,OverSamp,NotEval,,,,,,
MOJN0JOTR0YUBR-319,575158,3756286,JCPF,4968588.156,None,OverSamp,NotEval,,,,,,
MOJN0JOTR0YUBR-320,561638,3766203,JCPF,4968588.156,None,OverSamp,NotEval,,,,,,
MOJN0JOTR0YUBR-321,587904,3745769,JCPF,4968588.156,None,OverSamp,NotEval,,,,,,
MOJN0JOTR0YUBR-322,587921,3763276,LT,5621027.910,None,OverSamp,NotEval,,,,,,
MOJN0JOTR0YUBR-323,575051,3765063,PR,5194778.505,None,OverSamp,NotEval,,,,,,
MOJN0JOTR0YUBR-324,573698,3771758,PR,5194778.505,None,OverSamp,NotEval,,,,,,
MOJN0JOTR0YUBR-325,588706,3752114,LT,5621027.910,None,OverSamp,NotEval,,,,,,
MOJN0JOTR0YUBR-326,591161,3762337,CR,1308072.229,None,OverSamp,NotEval,,,,,,
MOJN0JOTR0YUBR-327,578128,3759181,JCPF,4968588.156,None,OverSamp,NotEval,,,,,,
MOJN0JOTR0YUBR-328,563329,3762673,JCPF,4968588.156,None,OverSamp,NotEval,,,,,,
MOJN0JOTR0YUBR-329,556685,3768297,JCPF,4968588.156,None,OverSamp,NotEval,,,,,,
MOJN0JOTR0YUBR-330,587294,3763490,JCPF,4968588.156,None,OverSamp,NotEval,,,,,,
MOJN0JOTR0YUBR-331,573620,3759530,JCPF,4968588.156,None,OverSamp,NotEval,,,,,,
MOJN0JOTR0YUBR-332,567462,3770372,LT,5621027.910,None,OverSamp,NotEval,,,,,,
MOJN0JOTR0YUBR-333,584056,3756342,LT,5621027.910,None,OverSamp,NotEval,,,,,,
MOJN0JOTR0YUBR-334,578711,3762946,PR,5194778.505,None,OverSamp,NotEval,,,,,,
MOJN0JOTR0YUBR-335,574655,3769355,PR,5194778.505,None,OverSamp,NotEval,,,,,,
MOJN0JOTR0YUBR-336,570436,3773408,JCPF,4968588.156,None,OverSamp,NotEval,,,,,,
